Row ID,Order ID,Order Date,Ship Date,Ship Mode,Customer ID,Customer Name,Segment,Postal Code,City,State,Country,Region,Market,Product ID,Category,Sub-Category,Product Name,Sales,Quantity,Discount,Profit,Shipping Cost,Order Priority
40098,CA-2014-AB10015140-41954,11/11/2020,11/13/2020,First Class,AB-100151402,Aaron Bergman,Consumer,73120,Oklahoma City,Oklahoma,United States,Central US,USCA,TEC-PH-5816,Technology,Phones,Samsung Convoy 3,221.98,2,0,62.15,40.77,High
26341,IN-2014-JR162107-41675,2/5/2020,2/7/2020,Second Class,JR-162107,Justin Ritter,Corporate,,Wollongong,New South Wales,Australia,Oceania,Asia Pacific,FUR-CH-5379,Furniture,Chairs,"Novimex Executive Leather Armchair, Black",3709.4,9,0.1,-288.77,923.63,Critical
25330,IN-2014-CR127307-41929,10/17/2020,10/18/2020,First Class,CR-127307,Craig Reiter,Consumer,,Brisbane,Queensland,Australia,Oceania,Asia Pacific,TEC-PH-5356,Technology,Phones,"Nokia Smart Phone, with Caller ID",5175.17,9,0.1,919.97,915.49,Medium
13524,ES-2014-KM1637548-41667,1/28/2020,1/30/2020,First Class,KM-1637548,Katherine Murray,Home Office,,Berlin,Berlin,Germany,Western Europe,Europe,TEC-PH-5267,Technology,Phones,"Motorola Smart Phone, Cordless",2892.51,5,0.1,-96.54,910.16,Medium
47221,SG-2014-RH9495111-41948,11/5/2020,11/6/2020,Same Day,RH-9495111,Rick Hansen,Consumer,,Dakar,Dakar,Senegal,Western Africa,Africa,TEC-CO-6011,Technology,Copiers,"Sharp Wireless Fax, High-Speed",2832.96,8,0,311.52,903.04,Critical
22732,IN-2014-JM156557-41818,6/28/2020,7/1/2020,Second Class,JM-156557,Jim Mitchum,Corporate,,Sydney,New South Wales,Australia,Oceania,Asia Pacific,TEC-PH-5842,Technology,Phones,"Samsung Smart Phone, with Caller ID",2862.68,5,0.1,763.28,897.35,Critical
30570,IN-2012-TS2134092-41219,11/6/2018,11/8/2018,First Class,TS-2134092,Toby Swindell,Consumer,,Porirua,Wellington,New Zealand,Oceania,Asia Pacific,FUR-CH-5378,Furniture,Chairs,"Novimex Executive Leather Armchair, Adjustable",1822.08,4,0,564.84,894.77,Critical
31192,IN-2013-MB1808592-41378,4/14/2019,4/18/2019,Standard Class,MB-1808592,Mick Brown,Consumer,,Hamilton,Waikato,New Zealand,Oceania,Asia Pacific,FUR-TA-3764,Furniture,Tables,"Chromcraft Conference Table, Fully Assembled",5244.84,6,0,996.48,878.38,High
40099,CA-2014-AB10015140-41954,11/11/2020,11/13/2020,First Class,AB-100151402,Aaron Bergman,Consumer,73120,Oklahoma City,Oklahoma,United States,Central US,USCA,FUR-BO-5957,Furniture,Bookcases,"Sauder Facets Collection Library, Sky Alder Finish",341.96,2,0,54.71,25.27,High
36258,CA-2012-AB10015140-40974,3/6/2018,3/7/2018,First Class,AB-100151404,Aaron Bergman,Consumer,98103,Seattle,Washington,United States,Western US,USCA,FUR-CH-4421,Furniture,Chairs,"Global Push Button Manager's Chair, Indigo",48.71,1,0.2,5.48,11.13,High
36259,CA-2012-AB10015140-40974,3/6/2018,3/7/2018,First Class,AB-100151404,Aaron Bergman,Consumer,98103,Seattle,Washington,United States,Western US,USCA,OFF-AR-5309,Office Supplies,Art,Newell 330,17.94,3,0,4.66,4.29,High
28879,ID-2013-AJ107801-41383,4/19/2019,4/22/2019,First Class,AJ-107801,Anthony Jacobs,Corporate,,Kabul,Kabul,Afghanistan,Southern Asia,Asia Pacific,FUR-TA-3420,Furniture,Tables,"Bevis Conference Table, Fully Assembled",4626.15,5,0,647.55,835.57,High
45794,SA-2012-MM7260110-41269,12/26/2018,12/28/2018,Second Class,MM-7260110,Magdelene Morse,Consumer,,Jizan,Jizan,Saudi Arabia,Western Asia,Asia Pacific,TEC-PH-3807,Technology,Phones,"Cisco Smart Phone, with Caller ID",2616.96,4,0,1151.4,832.41,Critical
4132,MX-2013-VF2171518-41591,11/13/2019,11/13/2019,Same Day,VF-2171518,Vicky Freymann,Home Office,,Toledo,Parana,Brazil,South America,LATAM,FUR-CH-4530,Furniture,Chairs,"Harbour Creations Executive Leather Armchair, Adjustable",2221.8,7,0,622.02,810.25,Critical
27704,IN-2014-PF1912027-41796,6/6/2020,6/8/2020,Second Class,PF-1912027,Peter Fuller,Consumer,,Mudanjiang,Heilongjiang,China,Eastern Asia,Asia Pacific,OFF-AP-4959,Office Supplies,Appliances,"KitchenAid Microwave, White",3701.52,12,0,1036.08,804.54,Critical
13779,ES-2015-BP1118545-42216,7/31/2021,8/3/2021,Second Class,BP-1118545,Ben Peterman,Corporate,,Paris,Ile-de-France,France,Western Europe,Europe,OFF-AP-3575,Office Supplies,Appliances,"Breville Refrigerator, Red",1869.59,4,0.1,186.95,801.66,Critical
39519,CA-2012-AB10015140-40958,2/19/2018,2/25/2018,Standard Class,AB-100151402,Aaron Bergman,Consumer,76017,Arlington,Texas,United States,Central US,USCA,OFF-ST-3078,Office Supplies,Storage,Akro Stacking Bins,12.62,2,0.2,-2.52,1.97,Low
12069,ES-2015-PJ1883564-42255,9/8/2021,9/14/2021,Standard Class,PJ-1883564,Patrick Jones,Corporate,,Prato,Tuscany,Italy,Southern Europe,Europe,OFF-AP-4743,Office Supplies,Appliances,"Hoover Stove, Red",7958.58,14,0,3979.08,778.32,Low
22096,IN-2015-JS156857-42035,1/31/2021,2/1/2021,First Class,JS-156857,Jim Sink,Corporate,,Townsville,Queensland,Australia,Oceania,Asia Pacific,TEC-CO-3597,Technology,Copiers,"Brother Fax Machine, High-Speed",2565.59,9,0.1,28.4,766.93,Critical
49463,TZ-2015-RH9555129-42343,12/5/2021,12/7/2021,Second Class,RH-9555129,Ritsa Hightower,Consumer,,Uvinza,Kigoma,Tanzania,Eastern Africa,Africa,OFF-AP-4967,Office Supplies,Appliances,"KitchenAid Stove, White",3409.74,6,0,818.28,763.38,High
46630,PL-2013-AB600103-41494,8/8/2019,8/10/2019,First Class,AB-600103,Ann Blume,Corporate,,Bytom,Silesia,Poland,Eastern Europe,Europe,FUR-TA-4644,Furniture,Tables,"Hon Computer Table, with Bottom Storage",1977.72,4,0,276.84,759.47,Critical
36260,CA-2012-AB10015140-40974,3/6/2018,3/7/2018,First Class,AB-100151404,Aaron Bergman,Consumer,98103,Seattle,Washington,United States,Western US,USCA,OFF-ST-3744,Office Supplies,Storage,"Carina 42""Hx23 3/4""W Media Storage Unit",242.94,3,0,4.86,1.28,High
21586,IN-2012-JK1532527-41030,5/1/2018,5/2/2018,First Class,JK-1532527,Jason Klamczynski,Corporate,,Suzhou,Anhui,China,Eastern Asia,Asia Pacific,FUR-CH-5774,Furniture,Chairs,"SAFCO Executive Leather Armchair, Black",2754,6,0,358.02,752.47,Critical
13528,ES-2014-LB16795139-41697,2/27/2020,3/1/2020,Second Class,LB-16795139,Laurel Beltran,Home Office,,Edinburgh,Scotland,United Kingdom,Northern Europe,Europe,OFF-AP-4960,Office Supplies,Appliances,"KitchenAid Refrigerator, Black",5273.7,10,0,1898.4,730.91,High
1570,US-2015-NP1832582-42216,7/31/2021,8/1/2021,First Class,NP-1832582,Naresj Patel,Consumer,,Juárez,Chihuahua,Mexico,Central America,LATAM,TEC-PH-5268,Technology,Phones,"Motorola Smart Phone, Full Size",1713.84,4,0,445.52,728.968,Critical
3484,MX-2015-VD2167039-42252,9/5/2021,9/8/2021,First Class,VD-2167039,Valerie Dominguez,Consumer,,Soyapango,San Salvador,El Salvador,Central America,LATAM,FUR-TA-4643,Furniture,Tables,"Hon Computer Table, Fully Assembled",2106.5,8,0.2,526.5,728.389,Critical
30191,IN-2012-PB19210127-41259,12/16/2018,12/19/2018,First Class,PB-19210127,Phillip Breyer,Corporate,,Taipei,Taipei City,Taiwan,Eastern Asia,Asia Pacific,FUR-TA-5060,Furniture,Tables,"Lesro Conference Table, with Bottom Storage",1715.16,2,0,720.36,725.57,Critical
11645,ES-2012-EB1411048-40981,3/13/2018,3/16/2018,Second Class,EB-1411048,Eugene Barchas,Consumer,,Leipzig,Saxony,Germany,Western Europe,Europe,OFF-AP-4743,Office Supplies,Appliances,"Hoover Stove, Red",3069.74,6,0.1,1364.24,725.34,Critical
38460,CA-2012-AH10030140-41020,4/21/2018,4/23/2018,Second Class,AH-100301406,Aaron Hawkins,Corporate,12180,Troy,New York,United States,Eastern US,USCA,OFF-FA-6129,Office Supplies,Fasteners,Staples,247.84,8,0,121.44,55.2,Critical
22999,IN-2013-BP1123058-41329,2/24/2019,2/24/2019,Same Day,BP-1123058,Benjamin Patterson,Consumer,,Surat,Gujarat,India,Southern Asia,Asia Pacific,FUR-CH-5443,Furniture,Chairs,"Office Star Executive Leather Armchair, Red",1878.72,4,0,582.36,704.08,Critical
220,US-2012-RR1952536-41270,12/27/2018,12/29/2018,Second Class,RR-1952536,Rick Reed,Corporate,,Santo Domingo,Santo Domingo,Dominican Republic,Caribbean,LATAM,TEC-PH-5841,Technology,Phones,"Samsung Smart Phone, VoIP",1696.64,5,0.2,-148.46,704.056,Critical
10648,ES-2013-BS1136545-41472,7/17/2019,7/19/2019,First Class,BS-1136545,Bill Shonely,Corporate,,Saint-Brieuc,Brittany,France,Western Europe,Europe,TEC-MA-5503,Technology,Machines,"Okidata Inkjet, Wireless",2402.87,9,0.15,763.16,699.55,Critical
40977,CA-2013-AH10030140-41635,12/27/2019,12/31/2019,Standard Class,AH-100301404,Aaron Hawkins,Corporate,94122,San Francisco,California,United States,Western US,USCA,TEC-PH-4389,Technology,Phones,Geemarc AmpliPOWER60,668.16,9,0.2,75.17,45.74,Medium
21286,IN-2012-DP131057-41215,11/2/2018,11/4/2018,Second Class,DP-131057,Dave Poirier,Corporate,,Gold Coast,Queensland,Australia,Oceania,Asia Pacific,OFF-AP-3579,Office Supplies,Appliances,"Breville Stove, Red",2526.93,5,0.1,561.48,689.8,Critical
40976,CA-2013-AH10030140-41635,12/27/2019,12/31/2019,Standard Class,AH-100301404,Aaron Hawkins,Corporate,94122,San Francisco,California,United States,Western US,USCA,OFF-ST-4291,Office Supplies,Storage,Fellowes Super Stor/Drawer Files,323.1,2,0,61.39,26.7,Medium
47905,CG-2012-AH1003033-41165,9/13/2018,9/14/2018,First Class,AH-1003033,Aaron Hawkins,Corporate,,Kamina,Katanga,Democratic Republic of the Congo,Central Africa,Africa,TEC-PH-3148,Technology,Phones,"Apple Smart Phone, Full Size",3817.26,6,0,1068.66,678.15,High
36651,CA-2012-AH10030140-41041,5/12/2018,5/18/2018,Standard Class,AH-100301404,Aaron Hawkins,Corporate,90004,Los Angeles,California,United States,Western US,USCA,FUR-CH-4840,Furniture,Chairs,"Iceberg Nesting Folding Chair, 19w x 6d x 43h",279.46,6,0.2,20.96,11.69,Medium
40100,CA-2012-AH10030140-41273,12/30/2018,12/31/2018,First Class,AH-100301406,Aaron Hawkins,Corporate,10035,New York City,New York,United States,Eastern US,USCA,TEC-AC-6340,Technology,Accessories,"Verbatim 25 GB 6x Blu-ray Single Layer Recordable Disc, 10/Pack",34.77,3,0,11.47,8.22,High
15380,ES-2015-PO18865139-42018,1/14/2021,1/18/2021,Standard Class,PO-18865139,Patrick O'Donnell,Consumer,,Stockton-on-Tees,England,United Kingdom,Northern Europe,Europe,TEC-CO-3598,Technology,Copiers,"Brother Fax Machine, Laser",4141.02,13,0,1697.67,668.96,High
28046,IN-2012-DL128657-40918,1/10/2018,1/11/2018,First Class,DL-128657,Dan Lawera,Consumer,,Brisbane,Queensland,Australia,Oceania,Asia Pacific,TEC-PH-5356,Technology,Phones,"Nokia Smart Phone, with Caller ID",2875.1,5,0.1,511.1,665.27,Medium
21316,ID-2014-JB1600059-41873,8/22/2020,8/26/2020,Standard Class,JB-1600059,Joy Bell-,Consumer,,Mataram,Nusa Tenggara Barat,Indonesia,Southeastern Asia,Asia Pacific,TEC-PH-5268,Technology,Phones,"Motorola Smart Phone, Full Size",3200.6,6,0.17,-77.2,660.87,High
29272,IN-2015-BF1100558-42319,11/11/2021,11/15/2021,Standard Class,BF-1100558,Barry Franz,Home Office,,Gorakhpur,Haryana,India,Southern Asia,Asia Pacific,TEC-PH-5269,Technology,Phones,"Motorola Smart Phone, with Caller ID",4518.78,7,0,632.52,658.69,High
25795,IN-2015-VG2180558-42273,9/26/2021,9/28/2021,Second Class,VG-2180558,Vivek Grady,Corporate,,Thiruvananthapuram,Kerala,India,Southern Asia,Asia Pacific,FUR-BO-5951,Furniture,Bookcases,"Sauder Classic Bookcase, Traditional",5667.87,13,0,2097.03,658.35,Medium
16681,ES-2013-GT14710139-41621,12/13/2019,12/17/2019,Standard Class,GT-14710139,Greg Tran,Consumer,,Huddersfield,England,United Kingdom,Northern Europe,Europe,TEC-PH-5267,Technology,Phones,"Motorola Smart Phone, Cordless",5785.02,9,0,404.73,656.73,High
15953,IT-2012-ZC2191048-41174,9/22/2018,9/24/2018,First Class,ZC-2191048,Zuschuss Carroll,Consumer,,Berlin,Berlin,Germany,Western Europe,Europe,OFF-AP-3874,Office Supplies,Appliances,"Cuisinart Stove, Silver",3018.62,7,0.2,377.24,655.91,Critical
34608,CA-2014-AH10030140-41719,3/21/2020,3/26/2020,Second Class,AH-100301408,Aaron Hawkins,Corporate,39503,Gulfport,Mississippi,United States,Southern US,USCA,FUR-FU-4072,Furniture,Furnishings,"Eldon Image Series Desk Accessories, Ebony",86.45,7,0,38.04,5.73,Medium
13847,IT-2014-EB1384045-41706,3/8/2020,3/8/2020,Same Day,EB-1384045,Ellis Ballard,Corporate,,Montreuil,Ile-de-France,France,Western Europe,Europe,FUR-CH-5441,Furniture,Chairs,"Office Star Executive Leather Armchair, Adjustable",2092.5,5,0.1,720.75,652.98,Critical
24341,IN-2015-AP1091527-42244,8/28/2021,8/29/2021,First Class,AP-1091527,Arthur Prichep,Consumer,,Shouguang,Shandong,China,Eastern Asia,Asia Pacific,FUR-CH-5380,Furniture,Chairs,"Novimex Executive Leather Armchair, Red",2761.2,6,0,110.34,644.75,High
28701,IN-2015-SW2027558-42125,5/1/2021,5/1/2021,Same Day,SW-2027558,Scott Williamson,Consumer,,Jamshedpur,Jharkhand,India,Southern Asia,Asia Pacific,TEC-MA-5007,Technology,Machines,"Konica Inkjet, White",2174.13,7,0,500.01,637.86,Critical
6550,MX-2015-JH15820141-42356,12/18/2021,12/20/2021,Second Class,JH-15820141,John Huston,Consumer,,Paysandú,Paysandú,Uruguay,South America,LATAM,FUR-CH-4531,Furniture,Chairs,"Harbour Creations Executive Leather Armchair, Black",3473.14,11,0,868.12,634.529,High
37425,US-2012-AH10030140-41206,10/24/2018,10/27/2018,First Class,AH-100301404,Aaron Hawkins,Corporate,94109,San Francisco,California,United States,Western US,USCA,OFF-BI-4372,Office Supplies,Binders,GBC VeloBind Cover Sets,49.41,4,0.2,18.53,2.84,High
48360,IR-2015-TG1164060-42265,9/18/2021,9/21/2021,First Class,TG-1164060,Trudy Glocke,Consumer,,Behshahr,Mazandaran,Iran,Southern Asia,Asia Pacific,TEC-CO-3678,Technology,Copiers,"Canon Copy Machine, Color",2108.64,8,0,527.04,630.97,Critical
40101,CA-2012-AH10030140-41273,12/30/2018,12/31/2018,First Class,AH-100301406,Aaron Hawkins,Corporate,10035,New York City,New York,United States,Eastern US,USCA,OFF-LA-3231,Office Supplies,Labels,Avery 51,18.9,3,0,8.69,1.3,High
30190,IN-2012-PB19210127-41259,12/16/2018,12/19/2018,First Class,PB-19210127,Phillip Breyer,Corporate,,Taipei,Taipei City,Taiwan,Eastern Asia,Asia Pacific,FUR-BO-5762,Furniture,Bookcases,"Safco Classic Bookcase, Pine",2197.5,5,0,153.75,627.27,Critical
42336,MZ-2014-DG330087-41991,12/18/2020,12/18/2020,Same Day,DG-330087,Deirdre Greer,Corporate,,Maputo,Cidade De Maputo,Mozambique,Eastern Africa,Africa,TEC-PH-5269,Technology,Phones,"Motorola Smart Phone, with Caller ID",2582.16,4,0,593.88,627.17,High
29047,IN-2013-SG2047058-41424,5/30/2019,5/31/2019,First Class,SG-2047058,Sheri Gordon,Consumer,,Bhopal,Madhya Pradesh,India,Southern Asia,Asia Pacific,TEC-CO-4590,Technology,Copiers,"Hewlett Wireless Fax, Color",1526.52,4,0,732.72,625.77,Critical
38461,CA-2012-AH10030140-41020,4/21/2018,4/23/2018,Second Class,AH-100301406,Aaron Hawkins,Corporate,12180,Troy,New York,United States,Eastern US,USCA,OFF-BI-2937,Office Supplies,Binders,"ACCOHIDE 3-Ring Binder, Blue, 1""",9.91,3,0.2,3.35,1.2,Critical
29601,IN-2013-GP1474058-41419,5/25/2019,5/28/2019,Second Class,GP-1474058,Guy Phonely,Corporate,,Delhi,Delhi,India,Southern Asia,Asia Pacific,FUR-TA-3766,Furniture,Tables,"Chromcraft Conference Table, with Bottom Storage",1745.34,2,0,226.86,616.27,Critical
23499,IN-2015-MW182207-42221,8/5/2021,8/6/2021,First Class,MW-182207,Mitch Webber,Consumer,,Geraldton,Western Australia,Australia,Oceania,Asia Pacific,OFF-AP-3577,Office Supplies,Appliances,"Breville Refrigerator, White",4191.51,9,0.1,1164.27,614.34,High
36652,CA-2012-AH10030140-41041,5/12/2018,5/18/2018,Standard Class,AH-100301404,Aaron Hawkins,Corporate,90004,Los Angeles,California,United States,Western US,USCA,OFF-PA-4014,Office Supplies,Paper,EcoTones Memo Sheets,8,2,0,3.84,1.15,Medium
26634,IN-2015-CS1246011-42074,3/11/2021,3/13/2021,Second Class,CS-1246011,Chuck Sachs,Consumer,,Dhaka,Dhaka,Bangladesh,Southern Asia,Asia Pacific,FUR-BO-5760,Furniture,Bookcases,"Safco Classic Bookcase, Metal",3063.27,7,0,581.91,609.24,High
34496,CA-2015-AH10030140-42357,12/19/2021,12/23/2021,Standard Class,AH-100301406,Aaron Hawkins,Corporate,19134,Philadelphia,Pennsylvania,United States,Eastern US,USCA,OFF-AR-3276,Office Supplies,Art,Avery Fluorescent Highlighter Four-Color Set,18.7,7,0.2,2.34,1.13,Medium
10522,ES-2015-MS1798048-42227,8/11/2021,8/16/2021,Second Class,MS-1798048,Michael Stewart,Corporate,,Munster,Lower Saxony,Germany,Western Europe,Europe,TEC-PH-5839,Technology,Phones,"Samsung Smart Phone, Cordless",4473,7,0,313.11,604.4,Medium
10549,IT-2014-KC1667548-41882,8/31/2020,9/3/2020,First Class,KC-1667548,Kimberly Carter,Corporate,,Celle,Lower Saxony,Germany,Western Europe,Europe,TEC-PH-3130,Technology,Phones,"Apple Audio Dock, with Caller ID",1502.01,9,0,225.18,600.21,Critical
25314,IN-2015-DB1340527-42022,1/18/2021,1/23/2021,Standard Class,DB-1340527,Denny Blanton,Consumer,,Wuxi,Jiangsu,China,Eastern Asia,Asia Pacific,FUR-CH-5774,Furniture,Chairs,"SAFCO Executive Leather Armchair, Black",5049,11,0,656.37,595.5,High
32637,CA-2015-AS10045140-42007,1/3/2021,1/5/2021,First Class,AS-100451408,Aaron Smayling,Corporate,28540,Jacksonville,North Carolina,United States,Southern US,USCA,TEC-MA-3788,Technology,Machines,Cisco CP-7937G Unified IP Conference Station Phone,695.7,2,0.5,-27.83,160.19,High
16653,IT-2015-DK13090120-42345,12/7/2021,12/8/2021,First Class,DK-13090120,Dave Kipp,Consumer,,Seville,Andalusía,Spain,Southern Europe,Europe,FUR-BO-5760,Furniture,Bookcases,"Safco Classic Bookcase, Metal",2188.05,5,0,1050.15,593.91,High
28932,IN-2015-CS1184558-42354,12/16/2021,12/19/2021,First Class,CS-1184558,Cari Sayre,Corporate,,Raipur,Uttarakhand,India,Southern Asia,Asia Pacific,FUR-TA-3779,Furniture,Tables,"Chromcraft Wood Table, Rectangular",1920.36,4,0,652.92,592.77,Critical
8029,MX-2015-EM1420082-42328,11/20/2021,11/20/2021,Same Day,EM-1420082,Evan Minnotte,Home Office,,Gómez Palacio,Durango,Mexico,Central America,LATAM,TEC-PH-5839,Technology,Phones,"Samsung Smart Phone, Cordless",1704,4,0,119.28,592.726,Critical
50411,UP-2012-DW3480137-41221,11/8/2018,11/10/2018,First Class,DW-3480137,Dianna Wilson,Home Office,,Kharkiv,Kharkiv,Ukraine,Eastern Europe,Europe,FUR-TA-3771,Furniture,Tables,"Chromcraft Round Table, Rectangular",1858.68,4,0,130.08,590.56,Critical
21191,IN-2014-AS1022527-41797,6/7/2020,6/9/2020,First Class,AS-1022527,Alan Schoenberger,Corporate,,Jinan,Shandong,China,Eastern Asia,Asia Pacific,FUR-CH-4530,Furniture,Chairs,"Harbour Creations Executive Leather Armchair, Adjustable",3298.26,7,0,1055.25,589.36,High
4960,MX-2012-ST2053093-41234,11/21/2018,11/22/2018,First Class,ST-2053093,Shui Tom,Consumer,,Chinandega,Chinandega,Nicaragua,Central America,LATAM,OFF-AP-4497,Office Supplies,Appliances,"Hamilton Beach Microwave, Black",2443.48,13,0,121.94,589.293,Medium
49085,CG-2014-BW106533-41727,3/29/2020,3/31/2020,Second Class,BW-106533,Barry Weirich,Consumer,,Kananga,Kasai-Occidental,Democratic Republic of the Congo,Central Africa,Africa,FUR-CH-4530,Furniture,Chairs,"Harbour Creations Executive Leather Armchair, Adjustable",3808.8,8,0,1523.52,588.13,High
21209,IN-2015-LA1678059-42242,8/26/2021,8/27/2021,First Class,LA-1678059,Laura Armstrong,Corporate,,Palembang,Sumatera Selatan,Indonesia,Southeastern Asia,Asia Pacific,FUR-TA-3422,Furniture,Tables,"Bevis Conference Table, with Bottom Storage",3427.15,7,0.47,-452.81,586.57,High
12161,ES-2013-AB10150139-41537,9/20/2019,9/22/2019,Second Class,AB-10150139,Aimee Bixby,Consumer,,London,England,United Kingdom,Northern Europe,Europe,TEC-PH-5355,Technology,Phones,"Nokia Smart Phone, Full Size",3441.69,6,0.1,38.07,585.25,High
25438,IN-2015-JH158207-42140,5/16/2021,5/18/2021,Second Class,JH-158207,John Huston,Consumer,,Melbourne,Victoria,Australia,Oceania,Asia Pacific,TEC-PH-3147,Technology,Phones,"Apple Smart Phone, Cordless",2863.35,5,0.1,858.9,581.88,Critical
33130,CA-2015-AS10045140-42218,8/2/2021,8/8/2021,Standard Class,AS-100451402,Aaron Smayling,Corporate,78745,Austin,Texas,United States,Central US,USCA,TEC-MA-3329,Technology,Machines,Bady BDG101FRU Card Printer,1439.98,3,0.4,-264,103.62,Medium
16988,ES-2014-BE1141048-41967,11/24/2020,11/25/2020,First Class,BE-1141048,Bobby Elias,Consumer,,Duisburg,North Rhine-Westphalia,Germany,Western Europe,Europe,TEC-CO-3599,Technology,Copiers,"Brother Ink, Color",1487.4,10,0,728.7,580.98,Critical
24443,IN-2012-SZ2003527-41221,11/8/2018,11/10/2018,Second Class,SZ-2003527,Sam Zeldin,Home Office,,Nanchong,Sichuan,China,Eastern Asia,Asia Pacific,TEC-CO-6010,Technology,Copiers,"Sharp Wireless Fax, Digital",3200.04,9,0,1183.95,576.71,Medium
30199,IN-2012-RM1937558-41209,10/27/2018,10/27/2018,Same Day,RM-1937558,Raymond Messe,Consumer,,Naihati,West Bengal,India,Southern Asia,Asia Pacific,FUR-CH-5380,Furniture,Chairs,"Novimex Executive Leather Armchair, Red",2301,5,0,91.95,573.27,Critical
13879,ES-2015-HG1484545-42327,11/19/2021,11/23/2021,Standard Class,HG-1484545,Harry Greene,Consumer,,Lille,Nord-Pas-de-Calais-Picardie,France,Western Europe,Europe,FUR-CH-4654,Furniture,Chairs,"Hon Executive Leather Armchair, Adjustable",5729.35,14,0.1,63.55,572.95,High
50788,MO-2015-DP310586-42305,10/28/2021,10/30/2021,Second Class,DP-310586,Dave Poirier,Corporate,,Meknes,Meknès-Tafilalet,Morocco,North Africa,Africa,TEC-CO-3710,Technology,Copiers,"Canon Wireless Fax, Laser",5301.24,14,0,2597.28,568.45,Medium
40834,CA-2014-AS10045140-41908,9/26/2020,9/28/2020,First Class,AS-100451404,Aaron Smayling,Corporate,94110,San Francisco,California,United States,Western US,USCA,FUR-BO-3176,Furniture,Bookcases,"Atlantic Metals Mobile 4-Shelf Bookcases, Custom Colors",477.67,2,0.15,84.29,43.01,Critical
40425,US-2015-AS10045140-42252,9/5/2021,9/6/2021,First Class,AS-100451404,Aaron Smayling,Corporate,97756,Redmond,Oregon,United States,Western US,USCA,OFF-BI-3324,Office Supplies,Binders,"Avery Trapezoid Extra Heavy Duty 4"" Binders",88.07,7,0.7,-58.72,23.88,High
18241,ES-2014-JB1600048-41668,1/29/2020,2/5/2020,Standard Class,JB-1600048,Joy Bell-,Consumer,,Krefeld,North Rhine-Westphalia,Germany,Western Europe,Europe,TEC-PH-5268,Technology,Phones,"Motorola Smart Phone, Full Size",3219.9,5,0,965.85,564.25,Low
23013,ID-2013-AM1070559-41535,9/18/2019,9/21/2019,Second Class,AM-1070559,Anne McFarland,Consumer,,Bandung,Jawa Barat,Indonesia,Southeastern Asia,Asia Pacific,OFF-AP-4501,Office Supplies,Appliances,"Hamilton Beach Refrigerator, Black",2487.81,6,0.17,-269.79,562.14,Critical
45616,MO-2014-AB25586-41966,11/23/2020,11/23/2020,Same Day,AB-25586,Alejandro Ballentine,Home Office,,Casablanca,Grand Casablanca,Morocco,North Africa,Africa,OFF-AP-4745,Office Supplies,Appliances,"Hoover Stove, White",2266.44,4,0,113.28,556.45,Medium
25026,IN-2013-RP192707-41438,6/13/2019,6/13/2019,Same Day,RP-192707,Rachel Payne,Corporate,,Sydney,New South Wales,Australia,Oceania,Asia Pacific,TEC-CO-3611,Technology,Copiers,"Brother Wireless Fax, Laser",3068.36,9,0.1,1124.9,555.77,High
27962,IN-2014-BK1126011-41940,10/28/2020,10/31/2020,First Class,BK-1126011,Berenike Kampe,Consumer,,Tongi,Dhaka,Bangladesh,Southern Asia,Asia Pacific,FUR-BO-4849,Furniture,Bookcases,"Ikea Classic Bookcase, Mobile",3728.43,9,0,1192.86,553.31,Medium
26669,IN-2014-JM1525027-41985,12/12/2020,12/14/2020,First Class,JM-1525027,Janet Martin,Consumer,,Suzhou,Anhui,China,Eastern Asia,Asia Pacific,TEC-CO-3678,Technology,Copiers,"Canon Copy Machine, Color",1581.48,6,0,0,550.74,High
29600,IN-2013-GP1474058-41419,5/25/2019,5/28/2019,Second Class,GP-1474058,Guy Phonely,Corporate,,Delhi,Delhi,India,Southern Asia,Asia Pacific,TEC-PH-5356,Technology,Phones,"Nokia Smart Phone, with Caller ID",1916.73,3,0,498.33,548.4,Critical
34336,CA-2015-AS10045140-42281,10/4/2021,10/9/2021,Standard Class,AS-100451404,Aaron Smayling,Corporate,91104,Pasadena,California,United States,Western US,USCA,FUR-TA-5066,Furniture,Tables,"Lesro Sheffield Collection Coffee Table, End Table, Center Table, Corner Table",171.29,3,0.2,-6.42,12.65,Medium
19195,ES-2014-NZ1856545-41975,12/2/2020,12/2/2020,Same Day,NZ-1856545,Nick Zandusky,Home Office,,Paris,Ile-de-France,France,Western Europe,Europe,OFF-AP-4508,Office Supplies,Appliances,"Hamilton Beach Stove, White",2432.16,5,0.1,513.36,546.9,Critical
32639,CA-2015-AS10045140-42007,1/3/2021,1/5/2021,First Class,AS-100451408,Aaron Smayling,Corporate,28540,Jacksonville,North Carolina,United States,Southern US,USCA,OFF-BI-3308,Office Supplies,Binders,Avery Recycled Flexi-View Covers for Binding Systems,28.85,6,0.7,-21.16,5.35,High
26731,ID-2014-SC20695102-41667,1/28/2020,1/30/2020,First Class,SC-20695102,Steve Chapman,Corporate,,Manila,National Capital,Philippines,Southeastern Asia,Asia Pacific,FUR-CH-5443,Furniture,Chairs,"Office Star Executive Leather Armchair, Red",2465.82,7,0.25,197.19,546.49,High
31278,IN-2013-NC186257-41401,5/7/2019,5/7/2019,Same Day,NC-186257,Noah Childs,Corporate,,Newcastle,New South Wales,Australia,Oceania,Asia Pacific,FUR-TA-3422,Furniture,Tables,"Bevis Conference Table, with Bottom Storage",1847.52,2,0,738.96,545.89,High
12035,ES-2014-NF183858-41970,11/27/2020,11/29/2020,First Class,NF-183858,Natalie Fritzler,Consumer,,Graz,Styria,Austria,Western Europe,Europe,FUR-BO-4849,Furniture,Bookcases,"Ikea Classic Bookcase, Mobile",2899.89,7,0,927.78,541.59,High
29149,IN-2013-NZ185657-41606,11/28/2019,12/2/2019,Second Class,NZ-185657,Nick Zandusky,Home Office,,Nowra,New South Wales,Australia,Oceania,Asia Pacific,FUR-CH-5774,Furniture,Chairs,"SAFCO Executive Leather Armchair, Black",2891.7,7,0.1,96.39,541.57,Medium
15896,IT-2013-PM1894045-41546,9/29/2019,9/29/2019,Same Day,PM-1894045,Paul MacIntyre,Consumer,,Boulogne-Billancourt,Ile-de-France,France,Western Europe,Europe,TEC-MA-5572,Technology,Machines,"Panasonic Printer, Red",2016.85,9,0.15,-0.05,540.77,Critical
18307,ES-2014-MZ1733545-41885,9/3/2020,9/5/2020,Second Class,MZ-1733545,Maria Zettner,Home Office,,Malakoff,Ile-de-France,France,Western Europe,Europe,OFF-AP-4503,Office Supplies,Appliances,"Hamilton Beach Refrigerator, Silver",3155.54,7,0.1,34.94,539.94,High
46257,CG-2014-HM498033-41846,7/26/2020,8/1/2020,Standard Class,HM-498033,Henry MacAllister,Consumer,,Kinshasa,Kinshasa,Democratic Republic of the Congo,Central Africa,Africa,TEC-PH-5268,Technology,Phones,"Motorola Smart Phone, Full Size",3856.14,6,0,1465.2,533.99,Low
21142,IN-2015-RW195407-42327,11/19/2021,11/25/2021,Standard Class,RW-195407,Rick Wilson,Corporate,,Perth,Western Australia,Australia,Oceania,Asia Pacific,TEC-PH-3806,Technology,Phones,"Cisco Smart Phone, Full Size",3524.47,6,0.1,861.37,531.28,Low
10308,ES-2013-LH1715545-41444,6/19/2019,6/19/2019,Same Day,LH-1715545,Logan Haushalter,Consumer,,Le Bouscat,Aquitaine-Limousin-Poitou-Charentes,France,Western Europe,Europe,TEC-PH-5840,Technology,Phones,"Samsung Smart Phone, Full Size",2167.3,4,0.15,790.42,531.09,High
6776,MX-2013-FH1436582-41558,10/11/2019,10/14/2019,First Class,FH-1436582,Fred Hopkins,Corporate,,Puebla,Puebla,Mexico,Central America,LATAM,TEC-PH-5839,Technology,Phones,"Samsung Smart Phone, Cordless",2556,6,0,178.92,530.486,Medium
16948,ES-2012-KM1666048-41129,8/8/2018,8/10/2018,First Class,KM-1666048,Khloe Miller,Consumer,,Augsburg,Bavaria,Germany,Western Europe,Europe,TEC-CO-5999,Technology,Copiers,"Sharp Fax Machine, High-Speed",1469.25,5,0,308.4,527.87,Critical
11611,ES-2012-PO1886545-41217,11/4/2018,11/8/2018,Second Class,PO-1886545,Patrick O'Donnell,Consumer,,Nice,Provence-Alpes-Côte d'Azur,France,Western Europe,Europe,TEC-PH-3807,Technology,Phones,"Cisco Smart Phone, with Caller ID",4448.83,8,0.15,1517.71,527.85,High
35876,US-2012-AS10045140-41116,7/26/2018,8/1/2018,Standard Class,AS-100451406,Aaron Smayling,Corporate,10035,New York City,New York,United States,Eastern US,USCA,OFF-PA-6512,Office Supplies,Paper,Xerox 1956,65.78,11,0,32.23,4.36,Medium
1873,MX-2014-AB1006028-41755,4/26/2020,4/28/2020,First Class,AB-1006028,Adam Bellavance,Home Office,,Medellín,Antioquia,Colombia,South America,LATAM,FUR-BO-3891,Furniture,Bookcases,"Dania Classic Bookcase, Pine",2472.66,9,0,914.76,523.466,High
29120,IN-2014-DB130607-41999,12/26/2020,12/26/2020,Same Day,DB-130607,Dave Brooks,Consumer,,Gold Coast,Queensland,Australia,Oceania,Asia Pacific,OFF-AP-3575,Office Supplies,Appliances,"Breville Refrigerator, Red",3739.18,8,0.1,747.82,522.79,High
11743,IT-2014-VM2168591-41711,3/13/2020,3/13/2020,Same Day,VM-2168591,Valerie Mitchum,Home Office,,Bergen op Zoom,North Brabant,Netherlands,Western Europe,Europe,FUR-CH-5442,Furniture,Chairs,"Office Star Executive Leather Armchair, Black",2570.87,11,0.5,-2211.17,520.89,High
32648,CA-2014-AS10045140-41727,3/29/2020,4/1/2020,First Class,AS-100451408,Aaron Smayling,Corporate,22204,Arlington,Virginia,United States,Southern US,USCA,OFF-ST-4516,Office Supplies,Storage,Hanging Personal Folder File,31.4,2,0,7.85,3.81,Medium
17522,ES-2013-DM1352548-41369,4/5/2019,4/5/2019,Same Day,DM-1352548,Don Miller,Corporate,,Hanover,Lower Saxony,Germany,Western Europe,Europe,TEC-PH-3149,Technology,Phones,"Apple Smart Phone, with Caller ID",2875.77,9,0.5,-1783.08,516.63,High
14721,ES-2013-NM18520120-41634,12/26/2019,12/28/2019,Second Class,NM-18520120,Neoma Murray,Consumer,,Vigo,Galicia,Spain,Southern Europe,Europe,FUR-BO-5948,Furniture,Bookcases,"Sauder Classic Bookcase, Metal",1741.8,4,0,261.24,515.24,Critical
29629,IN-2014-LC168857-41747,4/18/2020,4/19/2020,First Class,LC-168857,Lena Creighton,Consumer,,Sydney,New South Wales,Australia,Oceania,Asia Pacific,TEC-CO-6012,Technology,Copiers,"Sharp Wireless Fax, Laser",1601.64,5,0.1,587.19,511.47,Critical
25868,IN-2012-RO1978027-41052,5/23/2018,5/25/2018,Second Class,RO-1978027,Rose O'Brian,Consumer,,Gaoyou,Jiangsu,China,Eastern Asia,Asia Pacific,OFF-AP-4738,Office Supplies,Appliances,"Hoover Refrigerator, White",3670.8,7,0,367.08,510.72,High
33131,CA-2015-AS10045140-42218,8/2/2021,8/8/2021,Standard Class,AS-100451402,Aaron Smayling,Corporate,78745,Austin,Texas,United States,Central US,USCA,OFF-PA-6557,Office Supplies,Paper,Xerox 1998,36.29,7,0.2,12.7,1.99,Medium
19559,ES-2014-EM1406548-41775,5/16/2020,5/20/2020,Second Class,EM-1406548,Erin Mull,Consumer,,Bremen,Bremen,Germany,Western Europe,Europe,TEC-CO-4593,Technology,Copiers,"Hewlett Wireless Fax, Laser",1900.95,5,0,589.2,506.89,High
32638,CA-2015-AS10045140-42007,1/3/2021,1/5/2021,First Class,AS-100451408,Aaron Smayling,Corporate,28540,Jacksonville,North Carolina,United States,Southern US,USCA,OFF-BI-3185,Office Supplies,Binders,"Avery 3 1/2"" Diskette Storage Pages, 10/Pack",15.66,5,0.7,-12.53,1.56,High
14070,IT-2012-ON1871545-40955,2/16/2018,2/19/2018,Second Class,ON-1871545,Odella Nelson,Corporate,,Muret,Languedoc-Roussillon-Midi-Pyrénées,France,Western Europe,Europe,FUR-CH-5774,Furniture,Chairs,"SAFCO Executive Leather Armchair, Black",4544.1,11,0.1,1868.13,506.27,Medium
21306,IN-2014-VS2182027-41790,5/31/2020,6/2/2020,First Class,VS-2182027,Vivek Sundaresam,Consumer,,Zigong,Sichuan,China,Eastern Asia,Asia Pacific,FUR-BO-3639,Furniture,Bookcases,"Bush Library with Doors, Metal",1455.12,4,0,116.4,504.56,Critical
21668,IN-2014-CM121157-41913,10/1/2020,10/2/2020,First Class,CM-121157,Chad McGuire,Consumer,,Adelaide,South Australia,Australia,Oceania,Asia Pacific,TEC-CO-4790,Technology,Copiers,"HP Wireless Fax, Digital",1943.19,6,0.1,258.93,499.62,High
39465,CA-2015-AB10060140-42315,11/7/2021,11/14/2021,Standard Class,AB-100601404,Adam Bellavance,Home Office,98105,Seattle,Washington,United States,Western US,USCA,FUR-TA-4622,Furniture,Tables,Hon 5100 Series Wood Tables,2036.86,7,0,366.63,524.76,Low
31650,CA-2014-AB10060140-41884,9/2/2020,9/4/2020,First Class,AB-100601406,Adam Bellavance,Home Office,10009,New York City,New York,United States,Eastern US,USCA,OFF-BI-4340,Office Supplies,Binders,GBC DocuBind P400 Electric Binding System,4355.17,4,0.2,1415.43,82.67,Critical
24260,ID-2014-JK153257-41984,12/11/2020,12/14/2020,Second Class,JK-153257,Jason Klamczynski,Corporate,,Adelaide,South Australia,Australia,Oceania,Asia Pacific,TEC-CO-3709,Technology,Copiers,"Canon Wireless Fax, High-Speed",1695.87,5,0.1,-37.83,498.62,Critical
13646,IT-2015-RP1927045-42081,3/18/2021,3/21/2021,Second Class,RP-1927045,Rachel Payne,Corporate,,Chelles,Ile-de-France,France,Western Europe,Europe,TEC-CO-5998,Technology,Copiers,"Sharp Fax Machine, Digital",1505.98,6,0.15,-265.76,498.52,Critical
23708,IN-2015-DW1354078-42357,12/19/2021,12/20/2021,First Class,DW-1354078,Don Weiss,Consumer,,Kuantan,Pahang,Malaysia,Southeastern Asia,Asia Pacific,TEC-PH-3806,Technology,Phones,"Cisco Smart Phone, Full Size",1954.17,3,0,312.66,498.38,Critical
39466,CA-2015-AB10060140-42315,11/7/2021,11/14/2021,Standard Class,AB-100601404,Adam Bellavance,Home Office,98105,Seattle,Washington,United States,Western US,USCA,FUR-CH-4613,Furniture,Chairs,Hon 2090 “Pillow Soft” Series Mid Back Swivel/Tilt Chairs,449.57,2,0.2,-73.05,47.81,Low
33661,US-2014-AB10060140-41712,3/14/2020,3/19/2020,Standard Class,AB-100601408,Adam Bellavance,Home Office,22980,Waynesboro,Virginia,United States,Southern US,USCA,OFF-AP-4221,Office Supplies,Appliances,"Eureka The Boss Lite 10-Amp Upright Vacuum, Blue",160.32,2,0,44.89,13.75,Medium
39467,CA-2015-AB10060140-42315,11/7/2021,11/14/2021,Standard Class,AB-100601404,Adam Bellavance,Home Office,98105,Seattle,Washington,United States,Western US,USCA,TEC-AC-5858,Technology,Accessories,SanDisk Cruzer 64 GB USB Flash Drive,108.96,3,0,32.69,11.57,Low
1779,MX-2015-GM1444037-42265,9/18/2021,9/18/2021,Same Day,GM-1444037,Gary McGarr,Consumer,,Quito,Pichincha,Ecuador,South America,LATAM,TEC-CO-3587,Technology,Copiers,"Brother Copy Machine, Color",1213.19,7,0.002,508.01,493.409,Critical
23880,IN-2014-SV2081558-41968,11/25/2020,11/27/2020,First Class,SV-2081558,Stuart Van,Corporate,,Vadodara,Gujarat,India,Southern Asia,Asia Pacific,TEC-CO-4577,Technology,Copiers,"Hewlett Fax Machine, High-Speed",1590.6,5,0,572.55,493.2,Critical
27094,IN-2014-MM1792027-41950,11/7/2020,11/10/2020,First Class,MM-1792027,Michael Moore,Consumer,,Sanya,Hainan,China,Eastern Asia,Asia Pacific,TEC-AC-3405,Technology,Accessories,"Belkin Router, USB",2330.64,9,0,1025.46,492.79,Critical
24424,IN-2015-JK1612059-42204,7/19/2021,7/23/2021,Standard Class,JK-1612059,Julie Kriz,Home Office,,Palembang,Sumatera Selatan,Indonesia,Southeastern Asia,Asia Pacific,FUR-BO-5761,Furniture,Bookcases,"Safco Classic Bookcase, Mobile",3278.58,8,0.07,140.82,492.28,High
22049,ID-2013-EM14200130-41502,8/16/2019,8/16/2019,Same Day,EM-14200130,Evan Minnotte,Home Office,,Bangkok,Bangkok,Thailand,Southeastern Asia,Asia Pacific,TEC-PH-5268,Technology,Phones,"Motorola Smart Phone, Full Size",3741.52,7,0.17,946.63,491.91,High
40796,CA-2015-AB10060140-42314,11/6/2021,11/8/2021,First Class,AB-100601402,Adam Bellavance,Home Office,46142,Greenwood,Indiana,United States,Central US,USCA,OFF-PA-6214,Office Supplies,Paper,Strathmore Photo Mount Cards,67.8,10,0,31.19,7.97,High
23815,IN-2013-PM1894059-41284,1/10/2019,1/14/2019,Standard Class,PM-1894059,Paul MacIntyre,Consumer,,Tasikmalaya,Jawa Barat,Indonesia,Southeastern Asia,Asia Pacific,FUR-BO-5787,Furniture,Bookcases,"Safco Library with Doors, Pine",3637.6,10,0.07,156.4,487.86,High
8009,MX-2014-AT1043582-41667,1/28/2020,1/30/2020,First Class,AT-1043582,Alyssa Tate,Home Office,,Guaymas,Sonora,Mexico,Central America,LATAM,OFF-AP-4736,Office Supplies,Appliances,"Hoover Refrigerator, Red",2455.88,7,0,785.82,487.476,Medium
30267,ID-2013-AB1001527-41439,6/14/2019,6/17/2019,First Class,AB-1001527,Aaron Bergman,Consumer,,Wuhan,Hubei,China,Eastern Asia,Asia Pacific,TEC-MA-6150,Technology,Machines,"StarTech Printer, Wireless",1024.68,8,0.5,-286.92,487.32,Critical
40795,CA-2015-AB10060140-42314,11/6/2021,11/8/2021,First Class,AB-100601402,Adam Bellavance,Home Office,46142,Greenwood,Indiana,United States,Central US,USCA,OFF-FA-6129,Office Supplies,Fasteners,Staples,167.94,3,0,82.29,6.61,High
31647,CA-2014-AB10060140-41884,9/2/2020,9/4/2020,First Class,AB-100601406,Adam Bellavance,Home Office,10009,New York City,New York,United States,Eastern US,USCA,OFF-PA-6430,Office Supplies,Paper,Xerox 1881,24.56,2,0,11.54,6.53,Critical
2283,MX-2013-PV1898518-41614,12/6/2019,12/8/2019,First Class,PV-1898518,Paul Van Hugh,Home Office,,Salto,São Paulo,Brazil,South America,LATAM,TEC-AC-5223,Technology,Accessories,"Memorex Router, Bluetooth",2297.96,14,0,988.12,483.257,High
17765,IT-2014-SB2029064-41887,9/5/2020,9/7/2020,Second Class,SB-2029064,Sean Braxton,Corporate,,Treviso,Veneto,Italy,Southern Europe,Europe,TEC-CO-4590,Technology,Copiers,"Hewlett Wireless Fax, Color",2671.41,7,0,534.24,483.04,High
47783,SO-2015-SM10005116-42265,9/18/2021,9/20/2021,First Class,SM-10005116,Sally Matthias,Consumer,,Hargeysa,Woqooyi Galbeed,Somalia,Eastern Africa,Africa,TEC-PH-5839,Technology,Phones,"Samsung Smart Phone, Cordless",3834,6,0,268.38,481.04,High
31649,CA-2014-AB10060140-41884,9/2/2020,9/4/2020,First Class,AB-100601406,Adam Bellavance,Home Office,10009,New York City,New York,United States,Eastern US,USCA,OFF-PA-6430,Office Supplies,Paper,Xerox 1881,49.12,4,0,23.09,6.22,Critical
23175,IN-2013-KH1633059-41489,8/3/2019,8/8/2019,Standard Class,KH-1633059,Katharine Harms,Corporate,,Yogyakarta,Yogyakarta,Indonesia,Southeastern Asia,Asia Pacific,OFF-AP-4960,Office Supplies,Appliances,"KitchenAid Refrigerator, Black",3501.74,8,0.17,210.86,479.96,High
27693,IN-2015-MP181757-42347,12/9/2021,12/11/2021,First Class,MP-181757,Mike Pelletier,Home Office,,Perth,Western Australia,Australia,Oceania,Asia Pacific,TEC-PH-3149,Technology,Phones,"Apple Smart Phone, with Caller ID",1725.46,3,0.1,747.61,479.94,High
22134,IN-2013-LH1702027-41572,10/25/2019,10/28/2019,First Class,LH-1702027,Lisa Hazard,Consumer,,Anshan,Liaoning,China,Eastern Asia,Asia Pacific,TEC-CO-3597,Technology,Copiers,"Brother Fax Machine, High-Speed",1583.7,5,0,174.15,479.67,Critical
36297,CA-2015-AB10060140-42132,5/8/2021,5/13/2021,Standard Class,AB-100601404,Adam Bellavance,Home Office,90004,Los Angeles,California,United States,Western US,USCA,TEC-AC-5109,Technology,Accessories,Logitech G600 MMO Gaming Mouse,79.99,1,0,28.8,5.44,Medium
22488,ID-2014-CR126257-41878,8/27/2020,8/29/2020,Second Class,CR-126257,Corey Roper,Home Office,,Brisbane,Queensland,Australia,Oceania,Asia Pacific,FUR-BO-5763,Furniture,Bookcases,"Safco Classic Bookcase, Traditional",2760.35,7,0.1,-214.73,475.34,High
25678,IN-2012-NC1862511-41041,5/12/2018,5/16/2018,Standard Class,NC-1862511,Noah Childs,Corporate,,Dhaka,Dhaka,Bangladesh,Southern Asia,Asia Pacific,TEC-AC-3403,Technology,Accessories,"Belkin Router, Erganomic",3078.72,12,0,523.08,474.44,High
15376,IT-2012-GM1468091-41215,11/2/2018,11/5/2018,First Class,GM-1468091,Greg Matthias,Consumer,,Amsterdam,North Holland,Netherlands,Western Europe,Europe,OFF-AP-4745,Office Supplies,Appliances,"Hoover Stove, White",1983.14,7,0.5,-1784.9,473.27,High
15162,ES-2015-RA1994545-42218,8/2/2021,8/3/2021,First Class,RA-1994545,Ryan Akin,Consumer,,Le Petit-Quevilly,Normandy,France,Western Europe,Europe,FUR-BO-3624,Furniture,Bookcases,"Bush Classic Bookcase, Metal",1112.78,3,0.1,296.66,472,Critical
18899,ES-2012-DB1306048-41171,9/19/2018,9/21/2018,Second Class,DB-1306048,Dave Brooks,Consumer,,Bochum,North Rhine-Westphalia,Germany,Western Europe,Europe,TEC-CO-4789,Technology,Copiers,"HP Wireless Fax, Color",3616.5,10,0,36,471.92,Critical
33660,US-2014-AB10060140-41712,3/14/2020,3/19/2020,Standard Class,AB-100601408,Adam Bellavance,Home Office,22980,Waynesboro,Virginia,United States,Southern US,USCA,FUR-FU-4762,Furniture,Furnishings,"Howard Miller 14-1/2"" Diameter Chrome Round Wall Clock",127.88,2,0,40.92,3.15,Medium
24160,IN-2014-RF197357-41709,3/11/2020,3/15/2020,Standard Class,RF-197357,Roland Fjeld,Consumer,,Perth,Western Australia,Australia,Oceania,Asia Pacific,TEC-PH-5268,Technology,Phones,"Motorola Smart Phone, Full Size",2892.11,5,0.1,160.61,470.29,High
15812,ES-2013-JH1582048-41306,2/1/2019,2/4/2019,First Class,JH-1582048,John Huston,Consumer,,Hamburg,Hamburg,Germany,Western Europe,Europe,TEC-PH-3806,Technology,Phones,"Cisco Smart Phone, Full Size",3263.4,5,0,848.4,469.29,High
33662,US-2014-AB10060140-41712,3/14/2020,3/19/2020,Standard Class,AB-100601408,Adam Bellavance,Home Office,22980,Waynesboro,Virginia,United States,Southern US,USCA,OFF-BI-4819,Office Supplies,Binders,Ibico Covers for Plastic or Wire Binding Elements,46,4,0,20.7,2.72,Medium
6449,MX-2015-DM1295551-42103,4/9/2021,4/13/2021,Standard Class,DM-1295551,Dario Medina,Corporate,,Mixco,Guatemala,Guatemala,Central America,LATAM,FUR-TA-5064,Furniture,Tables,"Lesro Round Table, Rectangular",3117.09,13,0.2,38.95,466.703,High
32472,CA-2014-AB10060140-41881,8/30/2020,9/4/2020,Standard Class,AB-100601406,Adam Bellavance,Home Office,3301,Concord,New Hampshire,United States,Eastern US,USCA,OFF-SU-2972,Office Supplies,Supplies,Acme Forged Steel Scissors with Black Enamel Handles,27.93,3,0,8.1,2.16,Medium
4394,MX-2015-BE1133582-42082,3/19/2021,3/21/2021,First Class,BE-1133582,Bill Eplett,Home Office,,Morelia,Michoacán,Mexico,Central America,LATAM,OFF-AP-4745,Office Supplies,Appliances,"Hoover Stove, White",1888.7,5,0,887.6,465.918,High
22058,IN-2014-SO2033527-41914,10/2/2020,10/4/2020,First Class,SO-2033527,Sean O'Donnell,Consumer,,Changchun,Jilin,China,Eastern Asia,Asia Pacific,OFF-AP-4502,Office Supplies,Appliances,"Hamilton Beach Refrigerator, Red",3000.78,6,0,1080.18,465.63,High
19833,ES-2014-DK12835120-41651,1/12/2020,1/15/2020,First Class,DK-12835120,Damala Kotsonis,Corporate,,Madrid,Madrid,Spain,Southern Europe,Europe,OFF-AP-4507,Office Supplies,Appliances,"Hamilton Beach Stove, Silver",3801.63,7,0,1444.59,465.02,Medium
45807,SA-2015-LC7050110-42236,8/20/2021,8/25/2021,Standard Class,LC-7050110,Liz Carlisle,Consumer,,Jeddah,Makkah,Saudi Arabia,Western Asia,Asia Pacific,TEC-PH-3806,Technology,Phones,"Cisco Smart Phone, Full Size",5211.12,8,0,1146.24,463.98,Medium
30187,IN-2012-PB19210127-41259,12/16/2018,12/19/2018,First Class,PB-19210127,Phillip Breyer,Corporate,,Taipei,Taipei City,Taiwan,Eastern Asia,Asia Pacific,FUR-TA-5065,Furniture,Tables,"Lesro Round Table, with Bottom Storage",1356.03,3,0,311.85,458.97,Critical
29484,IN-2015-CG125207-42077,3/14/2021,3/18/2021,Standard Class,CG-125207,Claire Gute,Consumer,,Adelaide,South Australia,Australia,Oceania,Asia Pacific,OFF-AP-4745,Office Supplies,Appliances,"Hoover Stove, White",3569.64,7,0.1,674.16,458.54,High
36347,CA-2013-AB10060140-41535,9/18/2019,9/24/2019,Standard Class,AB-100601404,Adam Bellavance,Home Office,98198,Des Moines,Washington,United States,Western US,USCA,OFF-PA-6420,Office Supplies,Paper,"Wirebound Message Books, Four 2 3/4"" x 5"" Forms per Page, 600 Sets per Book",18.54,2,0,8.71,1.69,Medium
24015,ID-2015-HG1502559-42194,7/9/2021,7/13/2021,Standard Class,HG-1502559,Hunter Glantz,Consumer,,Medan,Sumatera Utara,Indonesia,Southeastern Asia,Asia Pacific,FUR-BO-5787,Furniture,Bookcases,"Safco Library with Doors, Pine",2910.08,8,0.07,125.12,456.32,High
20601,ID-2014-AD1018059-41801,6/11/2020,6/15/2020,Standard Class,AD-1018059,Alan Dominguez,Home Office,,Jakarta,Jakarta,Indonesia,Southeastern Asia,Asia Pacific,FUR-CH-4532,Furniture,Chairs,"Harbour Creations Executive Leather Armchair, Red",3126.4,9,0.27,-128.72,455.71,High
12051,ES-2012-BP11155139-41130,8/9/2018,8/16/2018,Standard Class,BP-11155139,Becky Pak,Consumer,,London,England,United Kingdom,Northern Europe,Europe,TEC-PH-3805,Technology,Phones,"Cisco Smart Phone, Cordless",5276.99,9,0.1,1758.89,454.81,Medium
25915,ID-2015-AA10480130-42080,3/17/2021,3/21/2021,Standard Class,AA-10480130,Andrew Allen,Consumer,,Bangkok,Bangkok,Thailand,Southeastern Asia,Asia Pacific,TEC-PH-5840,Technology,Phones,"Samsung Smart Phone, Full Size",2645.38,5,0.17,-0.02,452.6,High
21639,ID-2014-RL196157-41641,1/2/2020,1/3/2020,First Class,RL-196157,Rob Lucas,Consumer,,Newcastle,New South Wales,Australia,Oceania,Asia Pacific,FUR-BO-3639,Furniture,Bookcases,"Bush Library with Doors, Metal",1637.01,5,0.1,-36.39,452.28,Medium
31648,CA-2014-AB10060140-41884,9/2/2020,9/4/2020,First Class,AB-100601406,Adam Bellavance,Home Office,10009,New York City,New York,United States,Eastern US,USCA,OFF-BI-2911,Office Supplies,Binders,Acco Hanging Data Binders,3.05,1,0.2,1.07,1.67,Critical
23229,ID-2013-SW2024559-41557,10/10/2019,10/11/2019,First Class,SW-2024559,Scot Wooten,Consumer,,Surakarta,Jawa Tengah,Indonesia,Southeastern Asia,Asia Pacific,TEC-PH-5840,Technology,Phones,"Samsung Smart Phone, Full Size",2645.38,5,0.17,-0.02,451.03,High
31646,CA-2014-AB10060140-41884,9/2/2020,9/4/2020,First Class,AB-100601406,Adam Bellavance,Home Office,10009,New York City,New York,United States,Eastern US,USCA,TEC-AC-5744,Technology,Accessories,Sabrent 4-Port USB 2.0 Hub,6.79,1,0,2.31,1.31,Critical
20674,IN-2012-BW1111027-41076,6/16/2018,6/18/2018,First Class,BW-1111027,Bart Watters,Corporate,,Beijing,Beijing,China,Eastern Asia,Asia Pacific,FUR-TA-3420,Furniture,Tables,"Bevis Conference Table, Fully Assembled",3238.31,5,0.3,-740.3,449.18,High
11331,ES-2015-YC21895139-42097,4/3/2021,4/5/2021,First Class,YC-21895139,Yoseph Carroll,Corporate,,London,England,United Kingdom,Northern Europe,Europe,FUR-BO-3639,Furniture,Bookcases,"Bush Library with Doors, Metal",2291.81,7,0.1,127.13,448.91,High
58,MX-2012-JM1558082-41045,5/16/2018,5/19/2018,Second Class,JM-1558082,Jill Matthias,Consumer,,Tulancingo,Hidalgo,Mexico,Central America,LATAM,TEC-PH-5355,Technology,Phones,"Nokia Smart Phone, Full Size",2124.5,5,0,488.6,447.657,High
45091,BO-2015-MZ733513-42046,2/11/2021,2/15/2021,Second Class,MZ-733513,Maria Zettner,Home Office,,Brest,Brest,Belarus,Eastern Europe,Europe,FUR-CH-4654,Furniture,Chairs,"Hon Executive Leather Armchair, Adjustable",2757.78,6,0,744.48,446.33,High
18990,ES-2014-JF15295120-41924,10/12/2020,10/12/2020,Same Day,JF-15295120,Jason Fortune-,Consumer,,Valencia,Valenciana,Spain,Southern Europe,Europe,TEC-AC-4185,Technology,Accessories,"Enermax Router, Bluetooth",1549.98,6,0,139.32,443.92,Critical
34330,CA-2015-AB10060140-42264,9/17/2021,9/22/2021,Standard Class,AB-100601406,Adam Bellavance,Home Office,19143,Philadelphia,Pennsylvania,United States,Eastern US,USCA,OFF-PA-6596,Office Supplies,Paper,Xerox 231,20.74,4,0.2,7.26,1.23,High
51130,UP-2015-DJ3510137-42202,7/17/2021,7/19/2021,Second Class,DJ-3510137,Don Jones,Corporate,,Zhytomyr,Zhytomyr,Ukraine,Eastern Europe,Europe,OFF-AP-4738,Office Supplies,Appliances,"Hoover Refrigerator, White",3146.4,6,0,629.28,443.55,Critical
14405,ES-2015-MF1825045-42330,11/22/2021,11/28/2021,Standard Class,MF-1825045,Monica Federle,Corporate,,Argenteuil,Ile-de-France,France,Western Europe,Europe,TEC-MA-4205,Technology,Machines,"Epson Printer, Durable",2456.62,11,0.15,664.72,442.49,Low
10745,IT-2012-TC2129545-41058,5/29/2018,6/1/2018,First Class,TC-2129545,Toby Carlisle,Consumer,,Talence,Aquitaine-Limousin-Poitou-Charentes,France,Western Europe,Europe,FUR-TA-4642,Furniture,Tables,"Hon Computer Table, Adjustable Height",2228.64,7,0.35,-754.41,440.25,Critical
40794,CA-2015-AB10060140-42314,11/6/2021,11/8/2021,First Class,AB-100601402,Adam Bellavance,Home Office,46142,Greenwood,Indiana,United States,Central US,USCA,OFF-PA-3114,Office Supplies,Paper,"Ampad Gold Fibre Wirebound Steno Books, 6"" x 9"", Gregg Ruled",4.41,1,0,2.03,1.21,High
25850,IN-2015-CP1234058-42202,7/17/2021,7/20/2021,First Class,CP-1234058,Christine Phan,Corporate,,Aurangabad,Bihar,India,Southern Asia,Asia Pacific,OFF-AP-4502,Office Supplies,Appliances,"Hamilton Beach Refrigerator, Red",4001.04,8,0,1440.24,439.65,Medium
16109,ES-2015-EH1412545-42245,8/29/2021,9/3/2021,Standard Class,EH-1412545,Eugene Hildebrand,Home Office,,Plaisir,Ile-de-France,France,Western Europe,Europe,TEC-PH-3148,Technology,Phones,"Apple Smart Phone, Full Size",4876.88,9,0.15,745.88,439.41,Medium
22515,IN-2013-NC183407-41634,12/26/2019,12/26/2019,Same Day,NC-183407,Nat Carroll,Consumer,,Melbourne,Victoria,Australia,Oceania,Asia Pacific,FUR-TA-5054,Furniture,Tables,"Lesro Computer Table, Adjustable Height",1788.82,6,0.3,204.28,439.03,Critical
29269,IN-2015-BF1100558-42319,11/11/2021,11/15/2021,Standard Class,BF-1100558,Barry Franz,Home Office,,Gorakhpur,Haryana,India,Southern Asia,Asia Pacific,OFF-AP-3577,Office Supplies,Appliances,"Breville Refrigerator, White",3622.29,7,0,1267.77,438.89,High
29651,ID-2014-JS1603059-41760,5/1/2020,5/4/2020,Second Class,JS-1603059,Joy Smith,Consumer,,Medan,Sumatera Utara,Indonesia,Southeastern Asia,Asia Pacific,FUR-TA-5072,Furniture,Tables,"Lesro Wood Table, Fully Assembled",1242.59,5,0.47,-140.72,437.85,Critical
10670,ES-2012-AM10360139-41136,8/15/2018,8/20/2018,Standard Class,AM-10360139,Alice McCarthy,Corporate,,Harrogate,England,United Kingdom,Northern Europe,Europe,TEC-PH-5354,Technology,Phones,"Nokia Smart Phone, Cordless",4453.05,7,0,1424.85,433.41,Medium
24859,IN-2015-JF1519021-42341,12/3/2021,12/7/2021,Standard Class,JF-1519021,Jamie Frazer,Consumer,,Phnom Penh,Phnom Penh,Cambodia,Southeastern Asia,Asia Pacific,FUR-TA-4706,Furniture,Tables,"Hon Training Table, Fully Assembled",2673.36,8,0,1069.2,432.57,High
24466,IN-2014-AB100157-41815,6/25/2020,6/29/2020,Standard Class,AB-100157,Aaron Bergman,Consumer,,Mackay,Queensland,Australia,Oceania,Asia Pacific,FUR-CH-4654,Furniture,Chairs,"Hon Executive Leather Armchair, Adjustable",2046.2,5,0.1,591.05,432.15,High
15359,ES-2014-JG15160139-41660,1/21/2020,1/24/2020,Second Class,JG-15160139,James Galang,Consumer,,Stockton-on-Tees,England,United Kingdom,Northern Europe,Europe,FUR-TA-3344,Furniture,Tables,"Barricks Conference Table, Fully Assembled",5451.3,6,0,2071.44,432.13,Medium
39745,CA-2015-AH10075140-42301,10/24/2021,10/25/2021,First Class,AH-100751406,Adam Hart,Corporate,2920,Cranston,Rhode Island,United States,Eastern US,USCA,FUR-TA-5421,Furniture,Tables,"Office Impressions End Table, 20-1/2""H x 24""W x 20""D",637.9,3,0.3,-127.58,188.95,Critical
21670,IN-2015-AG1033059-42197,7/12/2021,7/14/2021,Second Class,AG-1033059,Alex Grayson,Consumer,,Jambi,Jambi,Indonesia,Southeastern Asia,Asia Pacific,OFF-AP-3574,Office Supplies,Appliances,"Breville Refrigerator, Black",1722.28,4,0.17,539.44,430.04,Critical
39744,CA-2015-AH10075140-42301,10/24/2021,10/25/2021,First Class,AH-100751406,Adam Hart,Corporate,2920,Cranston,Rhode Island,United States,Eastern US,USCA,FUR-FU-3936,Furniture,Furnishings,Deflect-o DuraMat Antistatic Studded Beveled Mat for Medium Pile Carpeting,210.68,2,0,50.56,79.52,Critical
17548,ES-2015-NF1847548-42248,9/1/2021,9/1/2021,Same Day,NF-1847548,Neil Französisch,Home Office,,Moers,North Rhine-Westphalia,Germany,Western Europe,Europe,OFF-AP-3581,Office Supplies,Appliances,"Breville Stove, White",1007.42,2,0.1,134.3,428.83,Critical
39742,CA-2015-AH10075140-42301,10/24/2021,10/25/2021,First Class,AH-100751406,Adam Hart,Corporate,2920,Cranston,Rhode Island,United States,Eastern US,USCA,FUR-TA-4943,Furniture,Tables,KI Adjustable-Height Table,240.74,4,0.3,-13.76,68.01,Critical
20861,IN-2012-DR129407-41066,6/6/2018,6/10/2018,Second Class,DR-129407,Daniel Raglin,Home Office,,Townsville,Queensland,Australia,Oceania,Asia Pacific,OFF-AP-4966,Office Supplies,Appliances,"KitchenAid Stove, Silver",4624.29,9,0.1,1644.03,427.46,Medium
17907,ES-2012-NB1865548-41194,10/12/2018,10/12/2018,Same Day,NB-1865548,Nona Balk,Corporate,,Hamburg,Hamburg,Germany,Western Europe,Europe,OFF-ST-6049,Office Supplies,Storage,"Smead Lockers, Wire Frame",1066.45,6,0.1,-11.93,427.24,Critical
24361,IN-2014-NM1844527-41800,6/10/2020,6/10/2020,Same Day,NM-1844527,Nathan Mautz,Home Office,,Shenzhen,Guangdong,China,Eastern Asia,Asia Pacific,TEC-CO-5991,Technology,Copiers,"Sharp Copy Machine, High-Speed",957.6,4,0,0,427.1,Critical
29968,IN-2015-TA213857-42351,12/13/2021,12/17/2021,Standard Class,TA-213857,Tom Ashbrook,Home Office,,Launceston,Tasmania,Australia,Oceania,Asia Pacific,OFF-AP-4508,Office Supplies,Appliances,"Hamilton Beach Stove, White",4864.32,10,0.1,162.12,426.09,Medium
32221,CA-2014-AH10075140-41898,9/16/2020,9/21/2020,Standard Class,AH-100751406,Adam Hart,Corporate,10011,New York City,New York,United States,Eastern US,USCA,OFF-BI-4338,Office Supplies,Binders,GBC DocuBind 300 Electric Binding Machine,841.57,2,0.2,294.55,57.49,Medium
28875,ID-2015-SC20380102-42165,6/10/2021,6/11/2021,First Class,SC-20380102,Shahid Collister,Consumer,,Marikina,National Capital,Philippines,Southeastern Asia,Asia Pacific,OFF-AP-3580,Office Supplies,Appliances,"Breville Stove, Silver",1433.84,3,0.15,-84.37,424.81,High
48781,SF-2012-PA9060117-40954,2/15/2018,2/16/2018,First Class,PA-9060117,Pete Armstrong,Home Office,,Johannesburg,Gauteng,South Africa,Southern Africa,Africa,OFF-ST-6047,Office Supplies,Storage,"Smead Lockers, Industrial",2784.6,14,0,779.52,422.25,Critical
15922,ES-2014-RB19570120-41971,11/28/2020,12/4/2020,Standard Class,RB-19570120,Rob Beeghly,Consumer,,Barakaldo,Basque Country,Spain,Southern Europe,Europe,FUR-BO-5760,Furniture,Bookcases,"Safco Classic Bookcase, Metal",3063.27,7,0,1470.21,419.38,Low
39983,CA-2014-AH10075140-41817,6/27/2020,6/27/2020,Same Day,AH-100751404,Adam Hart,Corporate,90036,Los Angeles,California,United States,Western US,USCA,OFF-SU-5635,Office Supplies,Supplies,Premier Electric Letter Opener,231.72,2,0,11.59,43.08,Critical
33163,CA-2015-AH10075140-42110,4/16/2021,4/19/2021,First Class,AH-100751404,Adam Hart,Corporate,89015,Henderson,Nevada,United States,Western US,USCA,FUR-FU-4756,Furniture,Furnishings,"Howard Miller 12"" Round Wall Clock",196.45,5,0,70.72,36.52,Medium
2641,US-2012-LH1675036-41129,8/8/2018,8/8/2018,Same Day,LH-1675036,Larry Hughes,Consumer,,Santo Domingo,Santo Domingo,Dominican Republic,Caribbean,LATAM,TEC-PH-5839,Technology,Phones,"Samsung Smart Phone, Cordless",2044.8,6,0.2,-332.28,417.99,High
39711,CA-2014-AH10075140-41991,12/18/2020,12/22/2020,Standard Class,AH-100751402,Adam Hart,Corporate,76017,Arlington,Texas,United States,Central US,USCA,TEC-AC-6351,Technology,Accessories,WD My Passport Ultra 1TB Portable External Hard Drive,165.6,3,0.2,-6.21,11.15,Medium
26068,IN-2013-KB1658527-41488,8/2/2019,8/4/2019,First Class,KB-1658527,Ken Black,Corporate,,Qingdao,Shandong,China,Eastern Asia,Asia Pacific,TEC-CO-3608,Technology,Copiers,"Brother Wireless Fax, Color",1521,4,0,0,416.74,High
10306,ES-2013-LH1715545-41444,6/19/2019,6/19/2019,Same Day,LH-1715545,Logan Haushalter,Consumer,,Le Bouscat,Aquitaine-Limousin-Poitou-Charentes,France,Western Europe,Europe,OFF-AP-4507,Office Supplies,Appliances,"Hamilton Beach Stove, Silver",2443.91,5,0.1,760.31,416.33,High
41716,CA-2015-AH1007523-42101,4/7/2021,4/12/2021,Standard Class,AH-1007523,Adam Hart,Corporate,,Oakville,Ontario,Canada,Canada,USCA,OFF-ST-4257,Office Supplies,Storage,"Fellowes File Cart, Blue",137.31,1,0,54.9,11.13,High
44140,IR-2014-MZ751560-41853,8/2/2020,8/2/2020,Same Day,MZ-751560,Mary Zewe,Corporate,,Shiraz,Fars,Iran,Southern Asia,Asia Pacific,TEC-MA-4210,Technology,Machines,"Epson Receipt Printer, Red",1141.8,10,0,570.9,415.01,Critical
29226,IN-2015-DM1334558-42146,5/22/2021,5/25/2021,Second Class,DM-1334558,Denise Monton,Corporate,,Bokaro,Jharkhand,India,Southern Asia,Asia Pacific,OFF-ST-4266,Office Supplies,Storage,"Fellowes Lockers, Blue",1865.97,9,0,802.17,413.95,Critical
27720,ID-2012-CA1196566-40949,2/10/2018,2/15/2018,Standard Class,CA-1196566,Carol Adams,Corporate,,Fuji,Shizuoka,Japan,Eastern Asia,Asia Pacific,TEC-PH-5841,Technology,Phones,"Samsung Smart Phone, VoIP",6998.64,11,0,2939.31,413.8,Medium
11073,ES-2014-SC20305120-41909,9/27/2020,9/27/2020,Same Day,SC-20305120,Sean Christensen,Consumer,,Benidorm,Valenciana,Spain,Southern Europe,Europe,FUR-BO-3903,Furniture,Bookcases,"Dania Library with Doors, Pine",1091.25,3,0,119.97,411.64,Critical
24030,IN-2015-MH1811558-42157,6/2/2021,6/4/2021,First Class,MH-1811558,Mick Hernandez,Home Office,,Kozhikode,Kerala,India,Southern Asia,Asia Pacific,FUR-BO-4862,Furniture,Bookcases,"Ikea Library with Doors, Pine",1094.22,3,0,328.23,411.06,Critical
30202,IN-2014-KS163007-41912,9/30/2020,10/3/2020,First Class,KS-163007,Karen Seio,Corporate,,Adelaide,South Australia,Australia,Oceania,Asia Pacific,FUR-BO-3640,Furniture,Bookcases,"Bush Library with Doors, Mobile",1320.62,4,0.1,484.22,410.88,Critical
27230,IN-2012-BG1174078-41108,7/18/2018,7/19/2018,First Class,BG-1174078,Bruce Geld,Consumer,,Kuala Lumpur,Kuala Lumpur,Malaysia,Southeastern Asia,Asia Pacific,TEC-PH-5356,Technology,Phones,"Nokia Smart Phone, with Caller ID",2555.64,4,0,664.44,410.22,High
51284,RS-2015-CR2625108-42230,8/14/2021,8/16/2021,Second Class,CR-2625108,Corey Roper,Home Office,,Astrakhan',Astrakhan',Russia,Eastern Europe,Europe,FUR-BO-5950,Furniture,Bookcases,"Sauder Classic Bookcase, Pine",3498.72,8,0,594.72,410.05,Medium
39743,CA-2015-AH10075140-42301,10/24/2021,10/25/2021,First Class,AH-100751406,Adam Hart,Corporate,2920,Cranston,Rhode Island,United States,Eastern US,USCA,FUR-FU-4022,Furniture,Furnishings,"Eldon 400 Class Desk Accessories, Black Carbon",35,4,0,14.7,8.98,Critical
28198,IN-2015-DK1309027-42308,10/31/2021,11/3/2021,First Class,DK-1309027,Dave Kipp,Consumer,,Xiangtan,Hunan,China,Eastern Asia,Asia Pacific,TEC-CO-3611,Technology,Copiers,"Brother Wireless Fax, Laser",2272.86,6,0,977.22,406.53,High
26028,IN-2014-JL1583527-41845,7/25/2020,7/30/2020,Standard Class,JL-1583527,John Lee,Consumer,,Shaoxing,Zhejiang,China,Eastern Asia,Asia Pacific,TEC-PH-3806,Technology,Phones,"Cisco Smart Phone, Full Size",5211.12,8,0,833.76,404.97,Medium
26325,IN-2015-AP1072058-42284,10/7/2021,10/11/2021,Standard Class,AP-1072058,Anne Pryor,Home Office,,Jabalpur,Madhya Pradesh,India,Southern Asia,Asia Pacific,TEC-PH-5269,Technology,Phones,"Motorola Smart Phone, with Caller ID",2582.16,4,0,361.44,404.08,High
21924,IN-2015-CR1282058-42294,10/17/2021,10/21/2021,Standard Class,CR-1282058,Cyra Reiten,Home Office,,Patna,Bihar,India,Southern Asia,Asia Pacific,TEC-PH-5356,Technology,Phones,"Nokia Smart Phone, with Caller ID",3194.55,5,0,830.55,403.97,High
30113,IN-2014-BF110807-41976,12/3/2020,12/6/2020,Second Class,BF-110807,Bart Folk,Consumer,,Adelaide,South Australia,Australia,Oceania,Asia Pacific,FUR-CH-4531,Furniture,Chairs,"Harbour Creations Executive Leather Armchair, Black",1705,4,0.1,378.88,403.46,Critical
30105,IN-2015-JM15265102-42316,11/8/2021,11/10/2021,First Class,JM-15265102,Janet Molinari,Corporate,,Marikina,National Capital,Philippines,Southeastern Asia,Asia Pacific,OFF-AP-3571,Office Supplies,Appliances,"Breville Microwave, Red",1538.72,6,0.15,325.7,403.26,High
24363,IN-2014-NM1844527-41800,6/10/2020,6/10/2020,Same Day,NM-1844527,Nathan Mautz,Home Office,,Shenzhen,Guangdong,China,Eastern Asia,Asia Pacific,FUR-CH-5378,Furniture,Chairs,"Novimex Executive Leather Armchair, Adjustable",1381.32,3,0,593.91,403.15,Critical
19902,IT-2012-TW2102545-41172,9/20/2018,9/22/2018,Second Class,TW-2102545,Tamara Willingham,Home Office,,La Baule-Escoublac,Pays de la Loire,France,Western Europe,Europe,FUR-BO-5760,Furniture,Bookcases,"Safco Classic Bookcase, Metal",1181.55,3,0.1,498.81,401.25,Critical
13998,IT-2012-RB1933045-41080,6/20/2018,6/23/2018,First Class,RB-1933045,Randy Bradley,Consumer,,Dijon,Bourgogne-Franche-Comté,France,Western Europe,Europe,FUR-CH-4530,Furniture,Chairs,"Harbour Creations Executive Leather Armchair, Adjustable",1696.25,4,0.1,734.93,401.13,High
38383,CA-2015-AH10075140-42273,9/26/2021,9/29/2021,First Class,AH-100751406,Adam Hart,Corporate,19013,Chester,Pennsylvania,United States,Eastern US,USCA,OFF-SU-3839,Office Supplies,Supplies,Compact Automatic Electric Letter Opener,190.9,2,0.2,-42.95,8.72,Medium
37340,CA-2015-AH10075140-42144,5/20/2021,5/25/2021,Second Class,AH-100751408,Adam Hart,Corporate,37918,Knoxville,Tennessee,United States,Southern US,USCA,FUR-CH-5429,Furniture,Chairs,Office Star - Mesh Screen back chair with Vinyl seat,314.35,3,0.2,-35.36,6.19,Medium
47087,SF-2015-AB10060117-42334,11/26/2021,11/29/2021,Second Class,AB-10060117,Adam Bellavance,Home Office,,Cape Town,Western Cape,South Africa,Southern Africa,Africa,OFF-AP-4732,Office Supplies,Appliances,"Hoover Microwave, Silver",1237.56,4,0,606.36,400.03,Critical
49833,EG-2013-JR567038-41363,3/30/2019,4/1/2019,First Class,JR-567038,Jim Radford,Consumer,,Cairo,Al Qahirah,Egypt,North Africa,Africa,TEC-PH-5355,Technology,Phones,"Nokia Smart Phone, Full Size",1274.7,2,0,140.16,399.96,Critical
2080,MX-2012-MD1735028-41222,11/9/2018,11/14/2018,Second Class,MD-1735028,Maribeth Dona,Consumer,,Medellín,Antioquia,Colombia,South America,LATAM,OFF-AP-4962,Office Supplies,Appliances,"KitchenAid Refrigerator, Silver",3172.14,9,0,856.44,399.849,Medium
39746,CA-2015-AH10075140-42301,10/24/2021,10/25/2021,First Class,AH-100751406,Adam Hart,Corporate,2920,Cranston,Rhode Island,United States,Eastern US,USCA,OFF-PA-6415,Office Supplies,Paper,"Wirebound Message Book, 4 per Page",43.44,8,0,21.29,5.97,Critical
10303,ES-2013-EB13840139-41487,8/1/2019,8/6/2019,Second Class,EB-13840139,Ellis Ballard,Corporate,,West Bromwich,England,United Kingdom,Northern Europe,Europe,OFF-AP-4743,Office Supplies,Appliances,"Hoover Stove, Red",3979.29,7,0,1989.54,398.5,Medium
39710,CA-2014-AH10075140-41991,12/18/2020,12/22/2020,Standard Class,AH-100751402,Adam Hart,Corporate,76017,Arlington,Texas,United States,Central US,USCA,OFF-PA-6577,Office Supplies,Paper,Xerox 214,51.84,10,0.2,18.14,4.93,Medium
39984,CA-2014-AH10075140-41817,6/27/2020,6/27/2020,Same Day,AH-100751404,Adam Hart,Corporate,90036,Los Angeles,California,United States,Western US,USCA,OFF-FA-5459,Office Supplies,Fasteners,OIC Binder Clips,17.9,5,0,8.95,4.89,Critical
39985,CA-2014-AH10075140-41817,6/27/2020,6/27/2020,Same Day,AH-100751404,Adam Hart,Corporate,90036,Los Angeles,California,United States,Western US,USCA,OFF-PA-3115,Office Supplies,Paper,"Ampad Phone Message Book, Recycled, 400 Message Capacity, 5 ¾” x 11”",12.48,2,0,5.62,2.73,Critical
41838,AJ-2014-JL58359-41662,1/23/2020,1/27/2020,Standard Class,JL-58359,John Lee,Consumer,,Baku,Baki,Azerbaijan,Western Asia,Asia Pacific,FUR-TA-3358,Furniture,Tables,"Barricks Wood Table, Rectangular",2058,4,0,946.68,393.62,High
28110,IN-2012-EP1391559-41049,5/20/2018,5/24/2018,Second Class,EP-1391559,Emily Phan,Consumer,,Jakarta,Jakarta,Indonesia,Southeastern Asia,Asia Pacific,FUR-BO-5967,Furniture,Bookcases,"Sauder Library with Doors, Mobile",2539.88,7,0.07,709.94,393.58,High
12449,ES-2015-MS17770139-42275,9/28/2021,10/1/2021,First Class,MS-17770139,Maxwell Schwartz,Consumer,,Burnley,England,United Kingdom,Northern Europe,Europe,FUR-BO-3626,Furniture,Bookcases,"Bush Classic Bookcase, Pine",2898.21,7,0,1420.02,393.46,High
17848,IT-2012-CM1265545-41218,11/5/2018,11/7/2018,First Class,CM-1265545,Corinna Mitchell,Home Office,,Laval,Pays de la Loire,France,Western Europe,Europe,TEC-MA-5007,Technology,Machines,"Konica Inkjet, White",1320.01,5,0.15,357.16,390.2,Critical
46219,LH-2015-JC610575-42032,1/28/2021,1/30/2021,Second Class,JC-610575,Julie Creighton,Corporate,,Vilnius,Vilnius,Lithuania,Northern Europe,Europe,FUR-TA-3345,Furniture,Tables,"Barricks Conference Table, Rectangular",2171.16,8,0.7,-2750.28,390.09,High
26932,IN-2015-GB145307-42260,9/13/2021,9/19/2021,Standard Class,GB-145307,George Bell,Corporate,,Brisbane,Queensland,Australia,Oceania,Asia Pacific,TEC-CO-4593,Technology,Copiers,"Hewlett Wireless Fax, Laser",4448.22,13,0.1,444.48,386.38,Medium
32866,CA-2015-AH10075140-42335,11/27/2021,12/1/2021,Standard Class,AH-100751408,Adam Hart,Corporate,30318,Atlanta,Georgia,United States,Southern US,USCA,OFF-AR-5327,Office Supplies,Art,Newell 347,12.84,3,0,3.72,1.88,Medium
4817,US-2012-JH161805-41264,12/21/2018,12/23/2018,First Class,JH-161805,Justin Hirsh,Consumer,,Buenos Aires,Buenos Aires,Argentina,South America,LATAM,TEC-PH-3149,Technology,Phones,"Apple Smart Phone, with Caller ID",2300.62,9,0.4,38.2,386.003,High
